City_ID,City,Country,Date,Lat,Lng,Max Temp,Humidity,Cloudiness,Wind Speed
0,Punta Arenas,CL,2022-05-12 04:52:48,-53.15,-70.9167,39.31,87,0,3.44
1,Hobart,AU,2022-05-12 04:52:49,-42.8794,147.3294,60.26,81,0,0.0
2,Torbay,CA,2022-05-12 04:52:49,47.6666,-52.7314,48.38,93,100,20.71
3,Vaini,TO,2022-05-12 04:52:50,-21.2,-175.2,75.36,69,75,9.22
4,Severo-Kurilsk,RU,2022-05-12 04:52:51,50.6789,156.125,40.98,83,61,4.68
5,Puerto Ayora,EC,2022-05-12 04:52:51,-0.7393,-90.3518,71.55,96,9,6.51
6,Saint-Philippe,RE,2022-05-12 04:52:52,-21.3585,55.7679,76.59,79,72,6.93
7,Sturgis,US,2022-05-12 04:52:53,41.7992,-85.4192,75.0,64,0,8.05
8,Palafrugell,ES,2022-05-12 04:52:53,41.9174,3.1631,58.42,58,22,1.01
9,Chokurdakh,RU,2022-05-12 04:52:54,70.6333,147.9167,30.7,89,99,11.03
10,Tura,IN,2022-05-12 04:52:55,25.5198,90.2201,80.24,77,68,6.49
11,Rikitea,PF,2022-05-12 04:52:55,-23.1203,-134.9692,76.95,82,9,19.75
12,Kapaa,US,2022-05-12 04:52:56,22.0752,-159.319,75.52,85,40,17.27
13,Jamestown,US,2022-05-12 04:50:48,42.097,-79.2353,55.02,70,0,1.01
14,Port Alfred,ZA,2022-05-12 04:52:57,-33.5906,26.891,58.86,79,0,4.21
15,Mataura,NZ,2022-05-12 04:52:58,-46.1927,168.8643,57.47,84,100,1.92
16,Qaanaaq,GL,2022-05-12 04:52:59,77.484,-69.3632,9.28,67,11,6.96
17,Waingapu,ID,2022-05-12 04:52:59,-9.6567,120.2641,84.99,62,64,5.61
18,Daru,PG,2022-05-12 04:53:00,-9.0763,143.2092,85.71,73,98,3.65
19,Aksu,CN,2022-05-12 04:53:01,41.1231,80.2644,69.22,39,100,21.7
20,Husavik,IS,2022-05-12 04:53:01,66.0449,-17.3389,31.08,92,99,7.05
21,Hanna,CA,2022-05-12 04:50:06,51.6334,-111.9018,44.85,63,65,1.99
22,Kloulklubed,PW,2022-05-12 04:53:02,7.0419,134.2556,80.96,82,100,11.18
23,Yellowknife,CA,2022-05-12 04:49:47,62.456,-114.3525,34.32,75,20,4.61
24,Camargo,MX,2022-05-12 04:53:03,27.6667,-105.1667,75.67,35,61,5.93
25,Yar-Sale,RU,2022-05-12 04:53:04,66.8333,70.8333,34.75,100,100,6.04
26,Basco,PH,2022-05-12 04:53:04,20.4487,121.9702,84.25,75,74,14.72
27,Poum,NC,2022-05-12 04:53:05,-20.2333,164.0167,76.8,75,100,25.88
28,Sao Joao Da Barra,BR,2022-05-12 04:53:06,-21.6403,-41.0511,70.5,81,26,6.38
29,Thompson,CA,2022-05-12 04:53:07,55.7435,-97.8558,41.16,65,0,3.44
30,Albany,US,2022-05-12 04:52:53,42.6001,-73.9662,54.54,60,3,2.24
31,Kavieng,PG,2022-05-12 04:53:08,-2.5744,150.7967,83.1,76,96,11.27
32,Airai,TL,2022-05-12 04:53:09,-8.9266,125.4092,74.61,62,78,2.24
33,Arraial Do Cabo,BR,2022-05-12 04:53:10,-22.9661,-42.0278,67.96,94,0,3.44
34,Nong Khai,TH,2022-05-12 04:53:11,17.9167,103.0833,89.17,52,90,6.87
35,Baykit,RU,2022-05-12 04:53:11,61.67,96.37,54.39,60,97,8.19
36,Hermanus,ZA,2022-05-12 04:53:12,-34.4187,19.2345,54.97,76,0,6.55
37,Sisimiut,GL,2022-05-12 04:53:13,66.9395,-53.6735,23.23,66,0,11.27
38,Axim,GH,2022-05-12 04:53:14,4.8699,-2.2405,79.34,84,100,2.75
39,Jambusar,IN,2022-05-12 04:53:14,22.05,72.8,97.16,32,8,10.45
40,Port Augusta,AU,2022-05-12 04:53:15,-32.5,137.7667,68.14,56,17,9.28
41,Nampula,MZ,2022-05-12 04:53:16,-15.1165,39.2666,66.15,100,20,8.05
42,Ixtapa,MX,2022-05-12 04:53:16,20.7,-105.2,79.23,83,1,3.09
43,Nova Olimpia,BR,2022-05-12 04:53:17,-14.7972,-57.2881,71.04,77,100,2.04
44,Okhotsk,RU,2022-05-12 04:53:18,59.3833,143.3,38.21,76,100,2.48
45,Dingle,PH,2022-05-12 04:53:18,10.9995,122.6711,91.2,55,80,9.64
46,Nikolskoye,RU,2022-05-12 04:53:19,59.7035,30.7861,54.88,78,100,5.86
47,Tilichiki,RU,2022-05-12 04:54:20,60.4667,166.1,34.97,85,87,4.25
48,Padang,ID,2022-05-12 04:54:20,-0.9492,100.3543,89.65,61,100,5.03
49,Brae,GB,2022-05-12 04:54:21,60.3964,-1.353,45.63,73,100,16.8
50,Lebork,PL,2022-05-12 04:54:21,54.5392,17.7501,55.92,94,84,11.72
51,Cascais,PT,2022-05-12 04:52:40,38.6979,-9.4215,65.97,47,100,5.99
52,Bilma,NE,2022-05-12 04:54:22,18.6853,12.9164,85.86,20,0,22.01
53,Saskylakh,RU,2022-05-12 04:54:23,71.9167,114.0833,28.96,86,43,16.4
54,Provideniya,RU,2022-05-12 04:54:23,64.3833,-173.3,37.51,81,0,15.99
55,Yambio,SS,2022-05-12 04:54:21,4.5721,28.3955,69.21,95,80,4.16
56,Cabo San Lucas,MX,2022-05-12 04:49:58,22.8909,-109.9124,80.51,61,59,7.92
57,Kalangala,UG,2022-05-12 04:54:24,-0.3089,32.225,69.15,68,93,7.7
58,Namibe,AO,2022-05-12 04:54:25,-15.1961,12.1522,71.58,66,0,5.57
59,Busselton,AU,2022-05-12 04:54:25,-33.65,115.3333,54.0,92,100,10.56
60,Leningradskiy,RU,2022-05-12 04:54:26,69.3833,178.4167,30.85,98,100,8.16
61,Carnarvon,AU,2022-05-12 04:54:26,-24.8667,113.6333,84.27,48,100,33.38
62,Amahai,ID,2022-05-12 04:54:27,-3.3333,128.9167,85.08,69,98,3.98
63,East London,ZA,2022-05-12 04:54:27,-33.0153,27.9116,54.54,87,0,5.75
64,Hithadhoo,MV,2022-05-12 04:50:48,-0.6,73.0833,82.67,77,100,12.84
65,Saldanha,ZA,2022-05-12 04:54:28,-33.0117,17.9442,50.05,82,0,1.5
66,Flic En Flac,MU,2022-05-12 04:54:28,-20.2742,57.3631,76.51,75,5,3.83
67,Buenos Aires,AR,2022-05-12 04:53:30,-34.6132,-58.3772,55.13,75,0,8.05
68,Gayny,RU,2022-05-12 04:54:29,60.3071,54.3241,49.57,52,63,12.15
69,Cidreira,BR,2022-05-12 04:54:30,-30.1811,-50.2056,58.91,84,6,10.18
70,Mahebourg,MU,2022-05-12 04:54:30,-20.4081,57.7,76.24,88,40,2.3
71,Bluff,NZ,2022-05-12 04:54:31,-46.6,168.3333,57.79,74,100,20.2
72,Hofn,IS,2022-05-12 04:54:31,64.2539,-15.2082,36.82,98,100,14.74
73,Arlit,NE,2022-05-12 04:54:32,18.7369,7.3853,84.13,14,0,8.99
74,Dudinka,RU,2022-05-12 04:54:32,69.4058,86.1778,31.62,100,97,8.32
75,Havre-Saint-Pierre,CA,2022-05-12 04:54:33,50.2334,-63.5986,41.36,81,0,6.91
76,Qixingtai,CN,2022-05-12 04:54:33,30.4135,111.8874,74.86,53,100,7.63
77,Esperance,AU,2022-05-12 04:54:34,-33.8667,121.9,64.98,66,100,11.23
78,Shellbrook,CA,2022-05-12 04:54:35,53.2168,-106.4011,47.43,57,36,4.29
79,Upernavik,GL,2022-05-12 04:54:35,72.7868,-56.1549,5.31,88,30,5.17
80,Ozark,US,2022-05-12 04:54:36,37.0209,-93.206,75.65,86,26,4.74
81,Cape Town,ZA,2022-05-12 04:54:36,-33.9258,18.4232,52.88,92,75,6.91
82,Paamiut,GL,2022-05-12 04:54:37,61.994,-49.6678,34.48,96,100,30.65
83,Victoria,HK,2022-05-12 04:53:09,22.2855,114.1577,80.65,92,100,8.99
84,Soyo,AO,2022-05-12 04:54:37,-6.1349,12.3689,75.25,89,97,3.89
85,New Norfolk,AU,2022-05-12 04:54:38,-42.7826,147.0587,59.92,66,100,0.74
86,Ushuaia,AR,2022-05-12 04:54:39,-54.8,-68.3,46.06,71,0,0.0
87,Prince Rupert,CA,2022-05-12 04:53:55,54.3161,-130.3201,46.49,81,75,4.61
88,Kaitangata,NZ,2022-05-12 04:54:40,-46.2817,169.8464,52.83,75,91,5.57
89,Osypenko,UA,2022-05-12 04:54:40,46.9136,36.8253,56.37,50,68,10.04
90,Parana,AR,2022-05-12 04:54:41,-31.732,-60.5238,54.57,79,56,6.13
91,Palenque,MX,2022-05-12 04:55:41,17.5167,-91.9667,73.08,95,44,5.28
92,Georgetown,MY,2022-05-12 04:55:18,5.4112,100.3354,89.55,70,20,5.99
93,Arman,RU,2022-05-12 04:55:42,59.7,150.1667,50.02,76,97,3.94
94,Sistranda,NO,2022-05-12 04:55:43,63.7256,8.834,46.36,89,100,27.58
95,Dunnville,CA,2022-05-12 04:55:43,42.9001,-79.6163,56.48,87,2,6.87
96,Panama City,PA,2022-05-12 04:52:11,8.9936,-79.5197,77.16,92,100,5.75
97,Port Elizabeth,ZA,2022-05-12 04:52:28,-33.918,25.5701,53.31,90,0,5.75
98,Hearst,CA,2022-05-12 04:55:44,49.6835,-83.6665,53.85,41,99,5.75
99,Puerto Quijarro,BO,2022-05-12 04:55:45,-17.7833,-57.7667,70.38,76,100,3.44
100,Carauari,BR,2022-05-12 04:55:45,-4.8828,-66.8958,73.2,98,99,1.1
101,Padilla,CO,2022-05-12 04:55:46,3.2204,-76.3139,69.37,92,94,3.74
102,Khasan,RU,2022-05-12 04:55:47,42.4308,130.6434,54.77,60,94,11.03
103,Hailar,CN,2022-05-12 04:55:47,49.2,119.7,43.39,31,100,10.71
104,Esso,RU,2022-05-12 04:55:48,55.9333,158.7,40.23,97,100,0.4
105,Ribeira Grande,PT,2022-05-12 04:55:48,38.5167,-28.7,59.13,72,91,10.29
106,Jalu,LY,2022-05-12 04:55:49,29.0331,21.5482,65.82,70,97,15.05
107,Camacha,PT,2022-05-12 04:55:49,33.0833,-16.3333,62.02,88,40,12.66
108,Nongan,CN,2022-05-12 04:55:50,44.382,125.1685,58.15,16,2,18.43
109,Puerto Maldonado,PE,2022-05-12 04:55:50,-12.6,-69.1833,70.56,100,48,3.89
110,Kayiry,UA,2022-05-12 04:55:51,46.9454,33.7059,57.06,51,34,9.01
111,Sitka,US,2022-05-12 04:55:48,57.0531,-135.33,45.64,75,91,2.08
112,Hasaki,JP,2022-05-12 04:55:52,35.7333,140.8333,73.29,77,100,13.0
113,Totness,SR,2022-05-12 04:55:52,5.8833,-56.3167,76.6,90,23,11.05
114,Monrovia,LR,2022-05-12 04:55:53,6.3005,-10.7969,79.97,84,57,5.64
115,Valmiera,LV,2022-05-12 04:55:53,57.5411,25.4275,52.16,91,100,7.92
116,Lufilufi,WS,2022-05-12 04:55:54,-13.8745,-171.5986,80.38,77,13,8.28
117,Altay,CN,2022-05-12 04:55:54,47.8667,88.1167,61.68,25,100,9.98
118,Lebu,CL,2022-05-12 04:55:55,-37.6167,-73.65,51.78,89,100,9.35
119,Beroroha,MG,2022-05-12 04:55:55,-21.6667,45.1667,70.43,68,0,4.68
120,Pinega,RU,2022-05-12 04:55:56,64.7001,43.3936,51.64,58,100,7.02
121,Lenine,UA,2022-05-12 04:55:56,45.2986,35.7771,56.77,67,66,8.12
122,Tuktoyaktuk,CA,2022-05-12 04:55:57,69.4541,-133.0374,39.2,70,75,10.36
123,Kruisfontein,ZA,2022-05-12 04:55:57,-34.0033,24.7314,49.78,89,0,3.65
124,San Quintin,MX,2022-05-12 04:55:58,30.4833,-115.95,56.46,74,48,16.24
125,Clinton,US,2022-05-12 04:51:07,42.587,-82.9199,67.28,63,0,1.01
126,Bubaque,GW,2022-05-12 04:55:58,11.2833,-15.8333,76.59,81,7,14.88
127,Klaksvik,FO,2022-05-12 04:55:59,62.2266,-6.589,41.92,73,100,9.13
128,Tiksi,RU,2022-05-12 04:55:59,71.6872,128.8694,30.07,79,81,17.85
129,Barrow,US,2022-05-12 04:55:02,71.2906,-156.7887,31.21,88,100,17.27
130,Uaua,BR,2022-05-12 04:56:00,-9.8414,-39.4817,67.46,93,4,6.73
131,Atkinson,US,2022-05-12 04:56:01,42.8384,-71.147,53.91,93,100,4.61
132,Churapcha,RU,2022-05-12 04:56:02,62.0025,132.4325,46.63,55,29,4.79
133,Bredasdorp,ZA,2022-05-12 04:56:02,-34.5322,20.0403,50.85,87,0,5.1
134,Laela,TZ,2022-05-12 04:56:03,-8.5667,32.05,57.92,82,39,3.15
135,Mar Del Plata,AR,2022-05-12 04:56:03,-38.0023,-57.5575,53.87,73,40,8.01
136,Kyaikkami,MM,2022-05-12 04:56:04,16.08,97.5675,79.29,89,100,10.47
137,Atuona,PF,2022-05-12 04:57:04,-9.8,-139.0333,79.07,76,32,19.69
138,Port Keats,AU,2022-05-12 04:57:05,-14.25,129.55,90.36,46,97,11.52
139,Faanui,PF,2022-05-12 04:57:05,-16.4833,-151.75,81.88,76,65,15.57
140,Ilulissat,GL,2022-05-12 04:57:06,69.2167,-51.1,9.82,66,6,9.53
141,Norman Wells,CA,2022-05-12 04:53:17,65.282,-126.8329,50.04,40,75,4.61
142,Naze,JP,2022-05-12 04:57:06,28.3667,129.4833,72.52,82,100,12.75
143,Muros,ES,2022-05-12 04:57:07,42.7762,-9.0603,60.1,79,100,8.59
144,Qobustan,AZ,2022-05-12 04:57:07,40.0824,49.412,58.44,65,92,16.78
145,Kirakira,SB,2022-05-12 04:57:08,-10.4544,161.9205,83.5,74,97,2.89
146,Bolivar,US,2022-05-12 04:57:08,37.6145,-93.4105,75.13,83,17,8.05
147,Xiamen,CN,2022-05-12 04:53:26,24.4798,118.0819,72.25,100,75,8.95
148,Chuy,UY,2022-05-12 04:57:09,-33.6971,-53.4616,53.13,80,65,7.94
149,Bandar-E Lengeh,IR,2022-05-12 04:57:10,26.5579,54.8807,84.31,74,0,6.91
150,Fairbanks,US,2022-05-12 04:57:10,64.8378,-147.7164,46.31,47,100,3.87
151,Shitanjing,CN,2022-05-12 04:57:11,39.2342,106.3439,46.27,68,100,3.42
152,Babu,CN,2022-05-12 04:57:11,24.4167,111.5167,67.89,98,100,3.56
153,Wanning,CN,2022-05-12 04:57:12,18.8003,110.3967,86.29,73,35,15.73
154,Bobo Dioulasso,BF,2022-05-12 04:55:10,11.1771,-4.2979,84.65,65,0,6.91
155,Alofi,NU,2022-05-12 04:53:00,-19.0595,-169.9187,80.49,83,49,6.91
156,North Platte,US,2022-05-12 04:57:13,41.1239,-100.7654,68.7,55,60,15.35
157,Te Anau,NZ,2022-05-12 04:57:13,-45.4167,167.7167,50.83,79,99,0.22
158,Safranbolu,TR,2022-05-12 04:57:14,41.2508,32.6942,52.43,53,28,1.81
159,Vardo,NO,2022-05-12 04:57:14,70.3705,31.1107,37.38,100,100,8.05
160,Ponta Delgada,PT,2022-05-12 04:57:15,37.7333,-25.6667,59.72,67,20,11.5
161,Dikson,RU,2022-05-12 04:57:15,73.5069,80.5464,24.21,76,4,10.89
162,Zhigansk,RU,2022-05-12 04:57:16,66.7697,123.3711,35.58,100,100,10.36
163,Antalaha,MG,2022-05-12 04:57:17,-14.9003,50.2788,76.73,80,10,6.4
164,Praia Da Vitoria,PT,2022-05-12 04:57:17,38.7333,-27.0667,59.25,77,75,7.25
165,Kamaishi,JP,2022-05-12 04:57:18,39.2667,141.8833,63.86,77,100,13.35
166,Nyurba,RU,2022-05-12 04:57:18,63.2842,118.3319,49.6,65,93,8.61
167,Tuatapere,NZ,2022-05-12 04:57:19,-46.1333,167.6833,54.77,76,100,4.34
168,Alice Springs,AU,2022-05-12 04:57:20,-23.7,133.8833,72.95,32,94,4.61
169,Constitucion,CL,2022-05-12 04:57:20,-35.3333,-72.4167,56.43,58,100,3.87
170,Saint-Augustin,CA,2022-05-12 04:57:21,51.226,-58.6502,45.12,71,100,13.78
171,Khatanga,RU,2022-05-12 04:57:21,71.9667,102.5,26.91,85,82,17.9
172,Roma,US,2022-05-12 04:57:22,43.2128,-75.4557,59.86,74,3,1.01
173,Tanete,ID,2022-05-12 04:57:22,-3.9443,119.7848,92.08,56,48,3.6
174,Jibuti,DJ,2022-05-12 04:57:23,11.5,42.5,84.45,31,0,5.97
175,San Jose,US,2022-05-12 04:55:05,37.3394,-121.895,53.35,64,0,4.61
176,Fortuna,US,2022-05-12 04:57:24,40.5982,-124.1573,47.32,85,100,0.0
177,Faya,SA,2022-05-12 04:57:24,18.3851,42.4509,68.11,40,1,3.0
178,Cockburn Town,TC,2022-05-12 04:52:56,21.4612,-71.1419,79.92,74,100,3.6
179,Luderitz,NA,2022-05-12 04:57:25,-26.6481,15.1594,55.33,73,0,10.87
180,Moose Factory,CA,2022-05-12 04:57:26,51.2585,-80.6094,55.4,47,0,12.66
181,Mogadishu,SO,2022-05-12 04:57:26,2.0371,45.3438,82.27,78,20,17.27
182,Dunmore Town,BS,2022-05-12 04:58:27,25.5,-76.65,74.28,71,5,8.16
183,Hovd,MN,2022-05-12 04:58:27,48.0056,91.6419,47.21,18,44,9.57
184,Maumere,ID,2022-05-12 04:58:28,-8.6199,122.2111,84.81,66,74,2.13
185,Makakilo City,US,2022-05-12 04:58:28,21.3469,-158.0858,74.19,84,73,19.26
186,Hawalli,KW,2022-05-12 04:58:29,29.2833,47.9972,83.64,34,0,4.0
187,Beringovskiy,RU,2022-05-12 04:58:29,63.05,179.3167,38.53,84,50,6.44
188,Ust-Nera,RU,2022-05-12 04:58:30,64.5667,143.2,34.39,71,11,7.27
189,Betanzos,ES,2022-05-12 04:56:20,43.2804,-8.2147,59.92,80,75,5.75
190,Palana,RU,2022-05-12 04:58:31,59.1167,159.9667,36.81,71,70,3.67
191,Brumadinho,BR,2022-05-12 04:58:31,-20.1433,-44.1997,64.92,76,98,0.38
192,Hay River,CA,2022-05-12 04:58:32,60.8156,-115.7999,35.58,69,20,5.75
193,Kuusamo,FI,2022-05-12 04:58:32,65.9667,29.1833,37.44,100,100,6.91
194,Butaritari,KI,2022-05-12 04:58:33,3.0707,172.7902,81.07,79,63,9.31
195,Rio Gallegos,AR,2022-05-12 04:58:33,-51.6226,-69.2181,33.85,100,0,2.3
196,Saint-Francois,FR,2022-05-12 04:58:34,46.4154,3.9054,57.67,82,0,3.44
197,Huarmey,PE,2022-05-12 04:58:34,-10.0681,-78.1522,64.18,89,27,6.42
198,Kiama,AU,2022-05-12 04:58:35,-34.6833,150.8667,67.37,93,100,8.99
199,Longyearbyen,SJ,2022-05-12 04:58:35,78.2186,15.6401,21.04,63,0,13.8
200,Kushima,JP,2022-05-12 04:58:36,31.4583,131.2333,72.23,95,100,7.94
201,Auki,SB,2022-05-12 04:58:36,-8.7676,160.7034,82.85,75,97,2.86
202,Mamlyutka,KZ,2022-05-12 04:58:37,54.9375,68.5394,60.82,45,99,10.16
203,Dauphin,CA,2022-05-12 04:58:37,51.1494,-100.0502,55.54,54,100,3.44
204,Juodupe,LT,2022-05-12 04:58:38,56.0833,25.6167,55.49,91,100,6.69
205,Nicoya,CR,2022-05-12 04:58:38,10.1483,-85.452,79.45,78,45,4.05
206,Havelock,US,2022-05-12 04:58:39,34.8791,-76.9013,60.78,93,100,3.0
207,Santa Isabel Do Rio Negro,BR,2022-05-12 04:58:39,-0.4139,-65.0192,72.57,99,89,2.37
208,Sinnamary,GF,2022-05-12 04:58:40,5.3833,-52.95,76.78,89,25,11.12
209,Castro,BR,2022-05-12 04:58:41,-24.7911,-50.0119,49.21,96,0,3.0
210,Son La,VN,2022-05-12 04:58:41,21.3167,103.9,83.66,65,81,2.95
211,Anadyr,RU,2022-05-12 04:55:43,64.75,177.4833,45.1,61,40,15.66
212,Aberdeen,GB,2022-05-12 04:58:42,57.1437,-2.0981,46.54,85,67,5.75
213,Bathsheba,BB,2022-05-12 04:58:42,13.2167,-59.5167,81.21,78,40,17.27
214,Bambous Virieux,MU,2022-05-12 04:58:43,-20.3428,57.7575,76.21,88,40,2.3
215,Avarua,CK,2022-05-12 04:58:43,-21.2078,-159.775,75.25,94,75,10.36
216,Verkhnevilyuysk,RU,2022-05-12 04:58:44,63.4453,120.3167,47.93,75,98,8.37
217,Asyut,EG,2022-05-12 04:58:44,27.181,31.1837,78.48,24,4,10.51
218,Half Moon Bay,US,2022-05-12 04:58:45,37.4636,-122.4286,53.4,74,0,16.11
219,Rapar,IN,2022-05-12 04:58:46,23.5667,70.6333,96.42,27,2,14.74
220,Narsaq,GL,2022-05-12 04:58:46,60.9167,-46.05,31.1,89,100,14.0
221,Baghdad,IQ,2022-05-12 04:54:54,33.3406,44.4009,73.31,27,0,2.3
222,Miri,MY,2022-05-12 04:58:47,4.4148,114.0089,78.94,100,40,4.61
223,Ostrovnoy,RU,2022-05-12 04:58:47,68.0531,39.5131,44.74,79,89,17.02
224,Banda Aceh,ID,2022-05-12 04:58:48,5.5577,95.3222,87.33,62,92,12.82
225,Uyovu,TZ,2022-05-12 04:58:49,-3.2833,31.5258,64.44,95,100,0.85
226,Oksfjord,NO,2022-05-12 04:58:49,70.2396,22.3479,36.0,99,100,5.08
227,Namwala,ZM,2022-05-12 04:58:50,-15.7504,26.4384,59.85,74,0,2.59
228,Lavrentiya,RU,2022-05-12 04:58:50,65.5833,-171.0,34.14,96,98,6.26
229,Port Shepstone,ZA,2022-05-12 04:58:51,-30.7414,30.455,63.81,81,24,4.7
230,Oussouye,SN,2022-05-12 04:59:51,12.485,-16.5469,70.9,87,15,7.47
231,Gat,IL,2022-05-12 04:59:52,31.61,34.7642,68.4,100,0,1.19
232,Jiangyou,CN,2022-05-12 04:59:52,31.7667,104.7167,74.62,62,94,3.62
233,Pale,BA,2022-05-12 04:59:53,43.8161,18.5694,42.55,93,0,1.14
234,Nago,JP,2022-05-12 04:59:53,26.5881,127.9761,78.98,79,67,10.04
235,Westport,US,2022-05-12 04:57:30,41.1415,-73.3579,60.91,85,1,7.83
236,Point Pedro,LK,2022-05-12 04:59:54,9.8167,80.2333,87.55,65,46,20.47
237,Iwaki,JP,2022-05-12 04:59:55,37.05,140.8833,77.61,74,100,7.0
238,Roald,NO,2022-05-12 04:59:56,62.5833,6.1333,48.76,87,75,12.66
239,Ubauro,PK,2022-05-12 04:59:57,28.1652,69.7289,108.3,11,2,5.79
240,Sola,VU,2022-05-12 04:59:57,-13.8833,167.55,76.05,94,100,14.63
241,Muhos,FI,2022-05-12 04:59:58,64.808,25.9931,46.18,81,91,5.93
242,Cururupu,BR,2022-05-12 04:59:58,-1.8283,-44.8683,73.0,98,90,1.39
243,Avera,US,2022-05-12 04:59:59,33.194,-82.5271,63.91,57,0,7.0
244,San Cristobal,VE,2022-05-12 04:59:59,7.7669,-72.225,68.18,97,96,2.3
245,Iqaluit,CA,2022-05-12 05:00:00,63.7506,-68.5145,19.13,86,75,26.46
246,Anloga,GH,2022-05-12 05:00:01,5.7947,0.8973,82.2,81,70,9.51
247,Almaznyy,RU,2022-05-12 05:00:01,48.0448,40.045,55.27,58,69,12.75
248,Fare,PF,2022-05-12 05:00:02,-16.7,-151.0167,81.97,76,41,15.73
249,Pinotepa Nacional,MX,2022-05-12 05:00:03,16.3167,-98.0167,80.11,77,42,3.0
250,Kodiak,US,2022-05-12 05:00:04,57.79,-152.4072,45.03,61,97,3.11
251,La Rioja,ES,2022-05-12 05:00:04,42.25,-2.5,49.78,95,100,1.66
252,Yumen,CN,2022-05-12 05:00:12,40.2833,97.2,65.44,19,99,18.81
253,Uruzgan,AF,2022-05-12 05:00:24,32.8333,66.0,77.58,8,0,1.83
254,Sungaipenuh,ID,2022-05-12 05:00:30,-2.0833,101.3833,74.86,69,99,4.65
255,Litovko,RU,2022-05-12 05:00:37,49.2361,135.1742,60.53,25,45,16.11
256,Severodvinsk,RU,2022-05-12 05:00:44,64.5635,39.8302,55.51,59,73,8.99
257,Jijiga,ET,2022-05-12 05:00:45,9.35,42.8,71.44,26,2,2.37
258,Aklavik,CA,2022-05-12 05:00:46,68.2191,-135.0107,38.46,79,45,6.62
259,Petropavlovsk-Kamchatskiy,RU,2022-05-12 05:00:47,53.0452,158.6483,45.19,71,75,15.66
260,Zhangye,CN,2022-05-12 05:00:48,38.9342,100.4517,60.94,32,100,10.54
261,Svetlaya,RU,2022-05-12 05:00:48,46.5389,138.3297,59.25,45,74,12.21
262,Nuuk,GL,2022-05-12 04:58:37,64.1835,-51.7216,32.29,94,100,10.29
263,Olinda,BR,2022-05-12 05:00:49,-8.0089,-34.8553,74.93,94,20,2.3
264,Barcelos,PT,2022-05-12 05:00:49,41.5388,-8.6151,60.91,82,100,2.73
265,Lompoc,US,2022-05-12 05:00:50,34.6391,-120.4579,51.6,83,7,1.99
266,Hilo,US,2022-05-12 04:56:01,19.7297,-155.09,72.28,95,57,7.0
267,Lasa,IT,2022-05-12 05:00:51,46.6166,10.7002,53.37,85,63,2.57
268,Angoram,PG,2022-05-12 05:00:51,-4.0625,144.0661,87.94,61,90,5.3
269,Toora-Khem,RU,2022-05-12 05:00:52,52.4675,96.11,53.37,19,0,5.64
270,Fernley,US,2022-05-12 05:00:52,39.608,-119.2518,47.68,32,39,1.99
271,Mahibadhoo,MV,2022-05-12 05:00:53,3.7833,72.9667,83.14,79,98,18.77
272,Saint Anthony,US,2022-05-12 05:00:07,45.0205,-93.218,66.24,94,40,11.5
273,Ipixuna,BR,2022-05-12 05:00:54,-1.7625,-48.8043,72.41,98,77,2.93
274,Omboue,GA,2022-05-12 05:00:54,-1.5746,9.2618,76.66,91,97,5.08
275,Port Lincoln,AU,2022-05-12 05:00:55,-34.7333,135.8667,64.29,65,6,6.29
276,Bethel,US,2022-05-12 05:00:55,41.3712,-73.414,60.76,88,0,5.73
277,Aksay,RU,2022-05-12 05:01:56,47.26,39.87,52.25,51,71,11.01
278,Samarai,PG,2022-05-12 04:59:53,-10.6167,150.6667,85.32,74,100,8.43
279,Machhlishahr,IN,2022-05-12 05:01:57,25.6833,82.4167,105.22,23,3,2.46
280,Bull Savanna,JM,2022-05-12 05:01:57,17.8868,-77.5902,74.34,84,24,8.9
281,Warren,US,2022-05-12 04:59:59,39.4334,-84.1666,66.27,61,0,6.91
282,Lesozavodsk,RU,2022-05-12 05:01:58,45.4794,133.4244,63.19,28,62,11.61
283,Barabai,ID,2022-05-12 05:01:58,-2.5833,115.3833,85.41,81,44,2.68
284,Robertsport,LR,2022-05-12 05:01:59,6.7533,-11.3686,80.33,83,39,5.08
285,Methven,NZ,2022-05-12 05:02:00,-43.6333,171.65,52.02,76,61,3.47
286,Bandarbeyla,SO,2022-05-12 05:02:00,9.4942,50.8122,85.68,68,100,12.44
287,Charters Towers,AU,2022-05-12 04:57:54,-20.1,146.2667,74.1,77,100,2.37
288,Caravelas,BR,2022-05-12 05:02:01,-17.7125,-39.2481,71.35,89,24,6.71
289,Sambava,MG,2022-05-12 05:02:01,-14.2667,50.1667,76.26,85,22,6.91
290,Alta Gracia,AR,2022-05-12 05:02:02,-31.6529,-64.4283,57.88,72,85,4.68
291,Sarkand,KZ,2022-05-12 05:02:02,45.41,79.9186,69.89,42,90,6.82
292,Acari,PE,2022-05-12 05:02:03,-15.4311,-74.6158,66.67,74,32,2.62
293,Constantine,DZ,2022-05-12 05:00:32,36.365,6.6147,49.41,87,0,3.44
294,Nome,US,2022-05-12 04:58:45,64.5011,-165.4064,39.16,84,89,8.43
295,Chifeng,CN,2022-05-12 05:00:29,42.2683,118.9636,60.62,12,41,12.84
296,Mahabad,IR,2022-05-12 05:02:04,36.7631,45.7222,60.94,35,2,6.69
297,Qui Nhon,VN,2022-05-12 05:02:02,13.7667,109.2333,86.85,70,18,13.8
298,Acapulco,MX,2022-05-12 05:02:01,16.8634,-99.8901,81.9,72,80,3.74
299,Galesong,ID,2022-05-12 05:02:05,-5.3166,119.3661,89.62,70,76,5.03
300,Sao Filipe,CV,2022-05-12 05:02:06,14.8961,-24.4956,72.1,81,32,6.06
301,Barre,US,2022-05-12 05:02:07,44.197,-72.5021,56.43,48,6,2.71
302,Pochutla,MX,2022-05-12 05:02:07,15.7432,-96.4661,81.82,68,2,4.27
303,Hare Bay,CA,2022-05-12 05:02:08,48.8499,-54.0148,49.35,89,18,13.09
304,Chapais,CA,2022-05-12 05:02:08,49.7834,-74.8492,48.33,57,25,3.53
305,Mandurah,AU,2022-05-12 04:57:54,-32.55,115.7,53.91,88,100,12.17
306,Vao,NC,2022-05-12 05:02:09,-22.6667,167.4833,73.42,70,100,29.35
307,Celestun,MX,2022-05-12 05:02:09,20.8667,-90.4,76.26,76,0,14.0
308,Chimbote,PE,2022-05-12 05:02:10,-9.0853,-78.5783,62.31,94,25,6.46
309,Majene,ID,2022-05-12 05:02:10,-3.5403,118.9707,84.07,80,66,4.9
310,Port Hardy,CA,2022-05-12 05:02:11,50.6996,-127.4199,42.98,87,100,12.66
311,Presidencia Roque Saenz Pena,AR,2022-05-12 05:02:11,-26.7852,-60.4388,54.77,93,0,4.25
312,San Patricio,US,2022-05-12 05:02:12,28.017,-97.5169,80.49,84,4,10.04
313,Cherskiy,RU,2022-05-12 05:02:12,68.75,161.3,28.02,75,63,6.46
314,Vanimo,PG,2022-05-12 05:02:13,-2.6741,141.3028,85.05,71,100,6.67
315,Tasiilaq,GL,2022-05-12 05:02:13,65.6145,-37.6368,21.36,88,88,5.53
316,La Ronge,CA,2022-05-12 05:02:14,55.1001,-105.2842,40.68,77,75,1.34
317,Vostok,RU,2022-05-12 05:02:15,46.4856,135.8833,56.03,33,74,11.16
318,Caconda,AO,2022-05-12 05:02:15,-13.7333,15.0667,52.3,65,2,3.71
319,Asilah,MA,2022-05-12 05:02:16,35.465,-6.0348,64.36,81,100,5.7
320,Pisco,PE,2022-05-12 05:01:30,-13.7,-76.2167,60.03,90,0,2.84
321,Asau,RO,2022-05-12 05:02:16,46.4333,26.4,63.95,52,54,5.21
322,Yinchuan,CN,2022-05-12 05:02:17,38.4681,106.2731,50.94,64,100,3.91
323,Amapa,BR,2022-05-12 05:03:17,1.0,-52.0,71.64,100,82,1.41
324,Vaitape,PF,2022-05-12 05:03:18,-16.5167,-151.75,81.9,76,70,15.59
325,Linxia,CN,2022-05-12 05:03:18,35.6003,103.2064,69.8,41,1,9.86
326,Mizan Teferi,ET,2022-05-12 05:03:19,6.9833,35.5833,66.67,89,36,2.64
327,Hirara,JP,2022-05-12 05:03:19,24.8,125.2833,79.2,85,35,15.03
328,Bengkulu,ID,2022-05-12 05:03:20,-3.8004,102.2655,86.36,67,79,18.54
329,Itarema,BR,2022-05-12 05:03:20,-2.9248,-39.9167,76.62,89,91,7.43
330,Superior,US,2022-05-12 05:03:21,46.7208,-92.1041,58.48,94,100,24.16
331,Haines Junction,CA,2022-05-12 05:03:21,60.7522,-137.5108,32.52,95,37,2.57
332,Porangatu,BR,2022-05-12 05:03:22,-13.4408,-49.1486,67.77,55,52,1.28
333,Hualmay,PE,2022-05-12 05:03:23,-11.0964,-77.6139,63.12,90,4,7.02
334,Mount Gambier,AU,2022-05-12 05:03:23,-37.8333,140.7667,59.18,88,98,2.73
335,Broome,US,2022-05-12 05:03:24,42.2506,-75.833,57.67,66,1,1.01
336,Goderich,CA,2022-05-12 05:00:12,43.7501,-81.7165,59.92,70,40,9.78
337,Mirandola,IT,2022-05-12 05:03:24,44.8868,11.0662,63.91,78,55,5.64
338,Harper,LR,2022-05-12 05:03:25,4.375,-7.7169,79.36,85,85,3.83
339,Stolin,BY,2022-05-12 05:03:25,51.8912,26.846,61.83,79,76,11.1
340,Ladario,BR,2022-05-12 05:03:26,-19.0047,-57.6017,68.95,78,100,3.33
341,Talnakh,RU,2022-05-12 05:03:26,69.4865,88.3972,31.21,100,100,5.7
342,Canutama,BR,2022-05-12 05:03:27,-6.5339,-64.3831,76.17,87,95,1.5
343,Rio Grande,BR,2022-05-12 05:03:27,-32.035,-52.0986,54.95,78,81,13.29
344,Monte Alegre,BR,2022-05-12 05:03:28,-2.0078,-54.0692,74.7,91,67,3.38
345,Kattivakkam,IN,2022-05-12 05:03:28,13.2167,80.3167,89.69,68,98,11.95
346,Weymouth,US,2022-05-12 05:03:29,42.2209,-70.9398,54.61,94,100,3.44
347,Zemio,CF,2022-05-12 05:03:29,5.0314,25.1361,69.21,97,100,2.95
348,Waipawa,NZ,2022-05-12 05:03:30,-41.4122,175.5153,46.78,83,5,2.26
349,Yulara,AU,2022-05-12 05:03:31,-25.2406,130.9889,73.99,22,97,4.0
350,Linjiang,CN,2022-05-12 05:03:31,41.8069,126.9078,58.62,36,100,7.4
351,Nanortalik,GL,2022-05-12 05:03:32,60.1432,-45.2371,33.75,80,100,10.76
352,Kerepehi,NZ,2022-05-12 05:03:32,-37.3,175.5333,59.05,60,0,2.62
353,Mersing,MY,2022-05-12 05:03:33,2.4312,103.8405,91.0,56,75,3.38
354,Kahului,US,2022-05-12 05:03:33,20.8947,-156.47,76.84,78,61,8.99
355,Imeni Vorovskogo,RU,2022-05-12 05:03:34,55.7233,38.3414,57.29,64,100,7.36
356,Vestmannaeyjar,IS,2022-05-12 05:01:55,63.4427,-20.2734,35.71,97,100,8.72
357,Tavira,PT,2022-05-12 05:03:35,37.1273,-7.6486,66.27,63,97,1.01
358,Ambon,ID,2022-05-12 04:58:59,-3.6954,128.1814,87.94,74,20,6.91
359,Margate,GB,2022-05-12 05:02:08,51.3813,1.3862,49.69,87,16,1.01
360,Santiago Del Estero,AR,2022-05-12 05:02:08,-27.7951,-64.2615,66.38,52,100,7.85
361,Campoverde,PE,2022-05-12 05:03:36,-8.4753,-74.8058,72.63,95,43,1.97
362,Veraval,IN,2022-05-12 05:02:59,20.9,70.3667,89.24,59,96,10.25
363,Batemans Bay,AU,2022-05-12 05:03:36,-35.7167,150.1833,62.1,96,100,3.62
364,Pasvalys,LT,2022-05-12 05:03:37,56.0594,24.4036,55.69,92,99,8.72
365,Sherman,US,2022-05-12 05:03:37,33.6357,-96.6089,77.02,82,0,9.22
366,Guerrero Negro,MX,2022-05-12 05:03:38,27.9769,-114.0611,58.98,75,22,18.63
367,Sabha,LY,2022-05-12 05:03:39,27.0377,14.4283,60.51,63,0,11.16
368,Usolye,RU,2022-05-12 05:03:39,59.4268,56.6808,50.63,54,13,10.09
369,Oranjemund,NA,2022-05-12 05:03:40,-28.55,16.4333,53.2,95,7,5.23
370,Sosva,RU,2022-05-12 05:03:40,59.1766,61.8558,51.12,65,96,9.95
371,Doume,CM,2022-05-12 05:04:41,4.2333,13.45,67.68,99,100,1.32
372,Manzanillo,CU,2022-05-12 04:59:59,20.3433,-77.1167,72.0,79,3,7.99
373,Rajpura,IN,2022-05-12 05:04:41,30.4831,76.595,101.07,23,0,10.69
374,Shitkino,RU,2022-05-12 05:04:42,56.3703,98.3543,63.18,27,5,3.78
375,Aden,YE,2022-05-12 05:04:43,12.7794,45.0367,85.53,65,25,11.07
376,Salamiyah,SY,2022-05-12 05:04:43,35.0113,37.0532,64.02,52,0,15.32
377,Kalmunai,LK,2022-05-12 05:04:44,7.4167,81.8167,89.33,53,58,3.8
378,Severo-Yeniseyskiy,RU,2022-05-12 05:04:44,60.3725,93.0408,51.75,48,57,6.08
379,Cerro Largo,BR,2022-05-12 05:04:45,-28.1486,-54.7381,52.47,94,47,4.36
380,Hervey Bay,AU,2022-05-12 05:04:45,-25.2986,152.8535,78.03,79,100,5.99
381,Champerico,GT,2022-05-12 05:04:46,14.3,-91.9167,82.81,71,22,2.44
382,Beberibe,BR,2022-05-12 05:04:46,-4.1797,-38.1306,75.83,90,95,8.08
383,Prescott,US,2022-05-12 05:00:10,34.54,-112.4685,38.05,17,18,6.15
384,Chiltepec,MX,2022-05-12 05:04:47,18.4847,-96.9019,70.11,93,64,0.4
385,Aquiraz,BR,2022-05-12 05:03:58,-3.9014,-38.3911,75.29,90,94,7.09
386,Saint George,US,2022-05-12 05:01:31,37.1041,-113.5841,56.25,23,0,8.05
387,Aswan,EG,2022-05-12 05:04:48,24.0934,32.907,84.02,17,3,13.42
388,Quatre Cocos,MU,2022-05-12 05:04:49,-20.2078,57.7625,78.91,73,57,4.45
389,Cabinda,AO,2022-05-12 05:04:49,-5.55,12.2,75.2,89,100,3.74
390,Scottsbluff,US,2022-05-12 05:00:05,41.8666,-103.6672,60.3,75,73,4.0
391,Mayahi,NE,2022-05-12 05:04:50,13.9553,7.6712,83.59,52,54,7.31
392,Andra,RU,2022-05-12 05:04:50,62.5147,65.8878,55.74,55,100,8.39
393,Troitsko-Pechorsk,RU,2022-05-12 05:04:51,62.7084,56.1964,47.55,96,100,6.76
394,Pomerode,BR,2022-05-12 05:04:52,-26.7406,-49.1769,58.69,90,0,2.71
395,Dunkirk,FR,2022-05-12 05:04:52,51.05,2.3667,49.08,93,75,6.76
396,Nantucket,US,2022-05-12 05:04:53,41.2835,-70.0995,50.14,98,100,10.36
397,Tabuk,PH,2022-05-12 05:04:53,17.4189,121.4443,92.66,43,11,6.67
398,Luanshya,ZM,2022-05-12 05:04:54,-13.1367,28.4166,58.39,80,3,3.91
399,Bentiu,SS,2022-05-12 05:04:54,9.2333,29.8333,85.17,54,72,7.94
400,Satellite Beach,US,2022-05-12 05:04:55,28.1761,-80.5901,73.0,87,40,10.36
401,Umuarama,BR,2022-05-12 05:01:29,-23.7664,-53.325,53.4,92,0,4.94
402,Vengerovo,RU,2022-05-12 05:04:56,55.6848,76.7471,66.85,22,51,5.08
403,Mananara,MG,2022-05-12 05:04:56,-16.1667,49.7667,75.47,81,35,7.2
404,Voyvozh,RU,2022-05-12 05:04:57,62.892,54.9635,47.77,92,100,6.69
405,Erenhot,CN,2022-05-12 05:04:57,43.6475,111.9767,47.17,17,2,20.98
406,Murray Bridge,AU,2022-05-12 05:04:58,-35.1167,139.2667,61.83,75,99,2.84
407,Tazovskiy,RU,2022-05-12 05:04:58,67.4667,78.7,33.62,98,91,6.42
408,Derzhavinsk,KZ,2022-05-12 05:04:59,51.1,66.3167,58.91,33,0,2.17
409,Borogontsy,RU,2022-05-12 05:04:59,62.6683,131.1683,45.3,61,100,2.13
410,Katsuura,JP,2022-05-12 05:05:00,35.1333,140.3,71.62,77,100,10.87
411,Sorland,NO,2022-05-12 05:05:00,67.667,12.6934,42.66,87,100,5.03
412,Ganzhou,CN,2022-05-12 05:05:01,28.8184,115.4327,70.47,84,100,5.82
413,Ghogha,IN,2022-05-12 05:05:02,21.6833,72.2833,92.01,47,16,6.04
414,Nurlat,RU,2022-05-12 05:05:02,54.4277,50.8051,46.78,74,96,17.87
415,Azul,AR,2022-05-12 05:05:03,-36.777,-59.8585,49.33,79,93,6.49
416,Inyonga,TZ,2022-05-12 05:05:03,-6.7167,32.0667,65.44,75,79,3.76
417,Cairns,AU,2022-05-12 05:05:45,-16.9167,145.7667,86.07,85,100,4.61
418,Puerto Suarez,BO,2022-05-12 05:06:04,-18.95,-57.8,68.38,82,100,3.29
419,Ewa Beach,US,2022-05-12 05:06:04,21.3156,-158.0072,78.75,64,0,18.41
420,Tateyama,JP,2022-05-12 05:06:05,34.9833,139.8667,72.1,79,100,9.15
421,Zhongshu,CN,2022-05-12 05:06:06,24.5167,103.7667,60.33,91,100,2.91
422,Buala,SB,2022-05-12 05:06:06,-8.145,159.5921,83.71,72,100,2.39
423,Sherbakul,RU,2022-05-12 05:06:07,54.6316,72.3963,66.29,33,25,5.66
424,Broken Hill,AU,2022-05-12 05:06:07,-31.95,141.4333,63.18,74,94,7.92
425,Mossendjo,CG,2022-05-12 05:06:08,-2.9506,12.7261,68.92,99,100,1.01
426,Villazon,BO,2022-05-12 05:06:08,-22.0866,-65.5942,39.65,85,0,4.18
427,Steinbach,DE,2022-05-12 05:06:09,50.1667,8.5667,62.47,75,75,1.14
428,Darhan,MN,2022-05-12 05:06:09,49.4867,105.9228,54.72,28,74,14.74
429,Iskateley,RU,2022-05-12 05:06:10,67.6803,53.1512,41.45,79,93,8.57
430,Mayskiy,RU,2022-05-12 05:06:10,47.6931,40.1025,51.21,57,68,11.9
431,Cayenne,GF,2022-05-12 05:06:11,4.9333,-52.3333,79.09,1,75,12.66
432,Quzhou,CN,2022-05-12 05:06:11,28.9594,118.8686,65.75,95,100,6.02
433,Cap-Aux-Meules,CA,2022-05-12 05:06:12,47.3821,-61.8597,43.88,97,32,18.23
434,Olovyannaya,RU,2022-05-12 05:06:12,50.95,115.5667,44.65,50,100,15.43
435,Ponta Do Sol,PT,2022-05-12 05:06:13,32.6667,-17.1,66.83,79,17,2.95
436,San Policarpo,PH,2022-05-12 05:06:14,12.1791,125.5072,84.58,72,92,9.4
437,Salalah,OM,2022-05-12 05:06:14,17.0151,54.0924,98.69,8,64,3.44
438,North Bend,US,2022-05-12 05:06:15,43.4065,-124.2243,51.17,92,100,8.05
439,Adana,TR,2022-05-12 05:02:42,36.985,35.2881,66.22,77,40,5.75
440,Rawson,AR,2022-05-12 05:06:16,-43.3002,-65.1023,55.02,63,86,21.36
441,Kununurra,AU,2022-05-12 05:06:16,-15.7667,128.7333,91.38,31,67,8.05
442,Valkeakoski,FI,2022-05-12 05:04:44,61.2642,24.0312,45.43,92,100,7.49
443,Kumluca,TR,2022-05-12 05:06:17,36.3703,30.2869,68.04,52,0,1.59
444,Sioux Lookout,CA,2022-05-12 05:06:18,50.1001,-91.917,54.14,64,100,7.96
445,Puerto Madryn,AR,2022-05-12 05:06:19,-42.7692,-65.0385,55.76,69,83,21.45
446,Sept-Iles,CA,2022-05-12 05:05:48,50.2001,-66.3821,48.18,77,14,8.63
447,Kati,ML,2022-05-12 05:06:20,12.7441,-8.0726,83.32,28,51,2.75
448,Annau,TM,2022-05-12 05:06:20,37.8876,58.516,71.28,55,75,3.98
449,Portland,US,2022-05-12 05:01:55,45.5234,-122.6762,51.84,69,100,5.01
450,Alihe,CN,2022-05-12 05:06:21,50.5667,123.7167,48.58,29,99,4.09
451,Acajutla,SV,2022-05-12 05:06:22,13.5928,-89.8275,81.81,68,65,4.29
452,Poso,ID,2022-05-12 05:06:23,-1.3959,120.7524,88.18,65,94,5.75
453,Cap Malheureux,MU,2022-05-12 05:06:25,-19.9842,57.6142,76.46,84,25,1.99
454,Dilla,ET,2022-05-12 05:06:25,6.41,38.31,68.95,64,45,0.18
455,Zalesovo,RU,2022-05-12 05:06:26,53.9939,84.7431,65.68,23,99,7.05
456,Kilindoni,TZ,2022-05-12 05:06:27,-7.9139,39.6668,80.31,74,18,15.19
457,Trairi,BR,2022-05-12 05:06:27,-3.2778,-39.2689,74.75,94,97,6.11
458,Kosel,PL,2022-05-12 05:06:28,50.3356,18.1433,67.44,73,15,12.62
459,Denpasar,ID,2022-05-12 05:04:49,-8.65,115.2167,87.46,74,20,5.75
460,Porto-Vecchio,FR,2022-05-12 05:06:29,41.591,9.2795,58.53,100,0,0.0
461,Marzuq,YE,2022-05-12 05:06:30,14.4,46.4667,84.51,19,63,5.84
462,Bassila,BJ,2022-05-12 05:07:31,9.0081,1.6654,73.2,96,96,3.36
463,Madimba,TZ,2022-05-12 05:07:31,-10.4,40.3333,73.94,84,13,9.91
464,Bonavista,CA,2022-05-12 05:07:32,48.6499,-53.1147,43.05,94,5,16.98
465,Port Moresby,PG,2022-05-12 05:03:11,-9.4431,147.1797,84.65,71,100,7.58
466,Wilmington,US,2022-05-12 05:05:15,34.2257,-77.9447,64.31,76,100,10.36
467,Richards Bay,ZA,2022-05-12 05:07:33,-28.783,32.0377,68.94,86,94,5.66
468,Wewak,PG,2022-05-12 05:07:33,-3.5534,143.6268,84.78,70,63,6.53
469,Lingdong,CN,2022-05-12 05:07:34,46.5669,131.1453,60.35,21,100,15.66
470,Longyan,CN,2022-05-12 05:07:34,25.1072,117.0225,70.63,98,100,3.2
471,Burriana,ES,2022-05-12 05:07:35,39.889,-0.085,59.67,83,97,1.57
472,Ahipara,NZ,2022-05-12 05:07:36,-35.1667,173.1667,59.41,67,0,7.61
473,Cabedelo,BR,2022-05-12 05:07:36,-6.9811,-34.8339,75.87,83,98,6.76
474,Isangel,VU,2022-05-12 05:04:24,-19.55,169.2667,75.61,77,100,18.97
475,Miyazu,JP,2022-05-12 05:07:37,35.5333,135.1833,63.54,96,100,5.95
476,Maceio,BR,2022-05-12 05:03:03,-9.6658,-35.7353,74.64,88,75,4.61
477,Saint-Pierre,RE,2022-05-12 05:07:38,-21.3393,55.4781,80.91,78,100,3.44
478,Camden,US,2022-05-12 05:07:39,39.7835,-74.9663,59.07,84,1,6.46
479,Taltal,CL,2022-05-12 05:07:39,-25.4,-70.4833,59.83,81,17,2.13
480,Bayir,TR,2022-05-12 05:07:40,37.2687,28.2167,52.32,63,0,3.33
481,Wellington,NZ,2022-05-12 05:07:41,-41.2866,174.7756,55.06,81,7,10.36
482,Tocopilla,CL,2022-05-12 05:07:41,-22.092,-70.1979,63.84,71,5,2.98
483,Port-Gentil,GA,2022-05-12 05:07:42,-0.7193,8.7815,80.22,83,100,9.01
484,Palauig,PH,2022-05-12 05:07:43,15.435,119.9045,87.53,65,53,9.37
485,Borovskoy,KZ,2022-05-12 05:07:43,53.8,64.15,57.56,36,0,4.14
486,Hoquiam,US,2022-05-12 05:03:31,46.9809,-123.8893,48.18,86,100,9.22
487,Namie,JP,2022-05-12 05:07:45,37.4833,141.0,80.55,69,100,1.01
488,Bjorkelangen,NO,2022-05-12 05:07:46,59.8848,11.5694,47.01,62,1,9.98
489,Lorengau,PG,2022-05-12 05:04:35,-2.0226,147.2712,85.44,66,11,8.23
490,Inza,RU,2022-05-12 05:07:47,53.8533,46.3586,40.1,90,96,7.99
491,Batagay-Alyta,RU,2022-05-12 05:07:48,67.8006,130.4114,33.64,100,79,3.62
492,Palmer,US,2022-05-12 05:07:48,42.1584,-72.3287,56.75,73,0,3.44
493,Pijijiapan,MX,2022-05-12 05:07:49,15.7011,-93.23,80.64,74,49,2.89
494,Nichinan,JP,2022-05-12 05:07:50,31.6,131.3667,71.06,94,100,9.82
495,Coihaique,CL,2022-05-12 05:07:51,-45.5752,-72.0662,40.95,93,100,0.0
496,Riyadh,SA,2022-05-12 05:02:52,24.6877,46.7219,84.78,12,0,9.22
497,Clyde River,CA,2022-05-12 05:07:28,70.4692,-68.5914,17.83,86,100,20.71
498,Pevek,RU,2022-05-12 05:04:26,69.7008,170.3133,28.36,84,100,12.97
499,Burgersdorp,ZA,2022-05-12 05:07:52,-30.9977,26.3286,47.05,46,0,4.18
500,Oistins,BB,2022-05-12 05:07:52,13.0667,-59.5333,80.69,74,40,18.41
501,Ust-Kut,RU,2022-05-12 05:07:53,56.7938,105.7672,61.23,32,68,9.28
502,Bosaso,SO,2022-05-12 05:07:54,11.2842,49.1816,86.94,48,62,3.33
503,Shache,CN,2022-05-12 05:07:54,38.4167,77.2406,83.82,18,100,12.62
504,Touros,BR,2022-05-12 05:05:30,-5.1989,-35.4608,73.09,95,100,7.11
505,Puerto Escondido,MX,2022-05-12 05:07:55,15.85,-97.0667,83.07,74,3,9.33
506,Kapit,MY,2022-05-12 05:07:56,2.0167,112.9333,91.72,51,58,3.29
507,Zanesville,US,2022-05-12 05:07:14,39.9404,-82.0132,57.79,75,0,0.0
508,Labytnangi,RU,2022-05-12 05:07:57,66.6572,66.4183,33.87,99,72,0.4
509,Cuauhtenco,MX,2022-05-12 05:08:57,18.8592,-99.884,67.62,42,85,5.17
510,Korla,CN,2022-05-12 05:08:58,41.7597,86.1469,75.61,21,64,26.02
511,Meulaboh,ID,2022-05-12 05:08:49,4.1363,96.1285,86.47,63,98,1.57
512,Shimoni,KE,2022-05-12 05:08:59,-4.6476,39.3817,78.15,80,62,14.03
513,Port Hedland,AU,2022-05-12 05:08:59,-20.3167,118.5667,86.05,23,38,10.36
514,Mitu,CO,2022-05-12 05:09:00,1.1983,-70.1733,72.9,98,98,0.31
515,Oxbow,CA,2022-05-12 05:09:00,49.2333,-102.1676,46.63,87,95,7.63
516,Ambilobe,MG,2022-05-12 05:09:01,-13.2,49.05,76.48,85,6,3.38
517,Porto Novo,BJ,2022-05-12 05:09:01,6.4965,2.6036,79.68,86,45,3.78
518,Cowra,AU,2022-05-12 05:09:02,-33.8333,148.6833,60.87,92,100,8.3
519,Biak,ID,2022-05-12 05:05:54,-0.9131,122.8766,81.91,80,100,3.04
520,Maniitsoq,GL,2022-05-12 05:09:03,65.4167,-52.9,30.72,58,31,6.11
521,Qujing,CN,2022-05-12 05:09:03,25.4833,103.7833,64.17,63,98,2.51
522,Hargeysa,SO,2022-05-12 05:09:04,9.56,44.065,77.07,31,92,2.93
523,Buraydah,SA,2022-05-12 05:09:05,26.326,43.975,82.69,13,0,8.05
524,Grand Gaube,MU,2022-05-12 05:09:05,-20.0064,57.6608,79.2,81,25,1.99
525,Kungurtug,RU,2022-05-12 05:09:06,50.5994,97.5228,51.64,20,3,3.85
526,Inirida,CO,2022-05-12 05:09:06,3.8653,-67.9239,73.47,98,95,1.19
527,Armizonskoye,RU,2022-05-12 05:09:07,55.9461,67.6736,56.68,53,95,11.43
528,Fallon,US,2022-05-12 05:09:07,39.4735,-118.7774,44.92,45,20,0.0
529,Mildura,AU,2022-05-12 05:09:08,-34.2,142.15,62.08,93,100,6.22
530,Hamilton,US,2022-05-12 05:09:08,39.1834,-84.5333,67.01,60,0,0.0
531,Okha,RU,2022-05-12 05:09:09,53.5739,142.9478,35.91,89,100,14.88
532,Balabac,PH,2022-05-12 05:09:09,7.9868,117.0645,86.88,67,48,7.83
533,Nambutalai,IN,2022-05-12 05:09:10,9.7167,79.0,92.8,43,87,12.75
534,Miles City,US,2022-05-12 05:09:10,46.4083,-105.8406,50.97,81,100,10.36
535,Daman,IN,2022-05-12 05:09:11,20.4167,72.85,88.32,66,30,17.85
536,Makat,KZ,2022-05-12 05:09:12,47.6469,53.3463,60.35,55,58,20.56
537,Huamachuco,PE,2022-05-12 05:09:12,-7.8,-78.0667,49.23,92,81,3.31
538,Sao Raimundo Das Mangabeiras,BR,2022-05-12 05:09:13,-7.0219,-45.4811,78.24,62,98,1.72
539,Bonnyville,CA,2022-05-12 05:09:13,54.2668,-110.735,46.58,76,100,1.36
540,Egvekinot,RU,2022-05-12 05:09:14,66.3167,-179.1667,30.0,99,100,5.84
541,Peruibe,BR,2022-05-12 05:07:08,-24.32,-46.9983,68.16,91,85,3.53
542,Foam Lake,CA,2022-05-12 05:09:14,51.65,-103.5343,47.55,79,44,7.65
543,Comodoro Rivadavia,AR,2022-05-12 05:05:16,-45.8667,-67.5,55.26,50,100,11.5
544,Tukrah,LY,2022-05-12 05:09:15,32.5341,20.5791,64.15,64,94,11.52
545,Zyryanka,RU,2022-05-12 05:09:16,65.75,150.85,39.54,79,7,16.31
546,Gladstone,AU,2022-05-12 05:09:16,-23.85,151.25,76.93,78,100,14.97
547,Itamarandiba,BR,2022-05-12 05:09:17,-17.8572,-42.8589,56.59,62,55,0.74
548,Souillac,MU,2022-05-12 05:09:17,-20.5167,57.5167,79.18,78,40,6.91
549,Burns Lake,CA,2022-05-12 05:09:18,54.2331,-125.7533,36.23,97,100,3.06
550,Tombouctou,ML,2022-05-12 05:09:18,20.0,-3.0,82.0,10,0,11.34
551,Predivinsk,RU,2022-05-12 05:09:19,57.0669,93.4378,63.64,24,2,5.46
552,Barcelona,ES,2022-05-12 05:07:50,41.3888,2.159,63.32,74,20,9.22
553,Shangrao,CN,2022-05-12 05:09:20,28.4532,117.9686,69.33,91,100,6.51
554,San Carlos De Bariloche,AR,2022-05-12 05:10:20,-41.1456,-71.3082,44.38,95,100,3.58
555,Lata,PT,2022-05-12 05:10:21,40.1629,-8.3327,54.93,73,100,1.92
556,Lagoa,PT,2022-05-12 05:10:21,39.05,-27.9833,58.05,73,86,7.85
557,Praia,CV,2022-05-12 05:09:24,14.9215,-23.5087,77.54,41,0,12.66
